time,user_name,user_color,message
14,zacmuffin,#52FFFC,"!editcom !runners itsjared97, FrostByte, WiiSuper, Scynor, Herasmie, AnorakDT, Dragon76, FlamingLazer, Dimei, flup, Coolisen, Revvylo, TwiceLyte, GildetPhantom, Tfresh, thenzota, Charzight, kwazrr, Anonymous, Biksel, yahootles, Nolan, GamerOlive, ChromaQ, AppleMan, Bennymoon"
14,nightbot,#7C7CE1,"@ZacMuffin -> The command "!runners" has been updated successfully."
15,crashmdo,#0000FF,"ITS FINALLY HERE"
29,zacmuffin,#52FFFC,"!commands"
29,nightbot,#7C7CE1,"@ZacMuffin -> The bot commands for this channel are available at https://nightbot.tv/t/legospeedruns/commands"
35,staunch82,#DAA520,"Ladder league KomodoHype"
46,force28_,#1BFFFF,"Force28_ subscribed with Prime. They've subscribed for 2 months! cant be having ads during LL"
48,chesswiz,#DAA520,"LADDER"
48,soniic7_,#008000,"good luck all"
55,aidenmoment_,#00FF7F,"YIPPEE"
59,crashmdo,#0000FF,"Force has a point"
64,ananonymoussource,#1E90FF,"woohoo hooray yay"
74,zacmuffin,#52FFFC,"!editcom !info Ladder League is a 2 month event with 26 runners narrowing down to a top 8, ending in a single elimination bracket."
74,nightbot,#7C7CE1,"@ZacMuffin -> The command "!info" has been updated successfully."
90,kwazrr_,#FF4500,"lfg"
98,zacmuffin,#52FFFC,"!editcom !predictions View the prediction standings on the 'prediction standings' page here: https://docs.google.com/spreadsheets/d/1aw1PAYWkjjj5oZSwaHdP-MnY0472wjWqDpyinL9v4r0/edit?usp=sharing"
98,nightbot,#7C7CE1,"@ZacMuffin -> The command "!predictions" has been updated successfully."
100,colten8_,,"who’s commenting match 1"
108,colten8_,,"commentating"
131,zacmuffin,#52FFFC,"!editcom !wr 2:18:35 by itsjared97"
131,nightbot,#7C7CE1,"@ZacMuffin -> The command "!wr" has been updated successfully."
198,charliegldmn,#DC4C0E,"run a prediction so chat gets a badge with the number of which runner they want to win"
213,charliegldmn,#DC4C0E,"and so I can bet the house on appleman"
293,zacmuffin,#52FFFC,"!editcom !youtube Check out the TCS Speedrunning Community youtube channel here: https://www.youtube.com/@TCSSpeedrunning and the LEGO Speedruns youtube channel here: https://www.youtube.com/@LEGOSpeedrunning"
293,nightbot,#7C7CE1,"@ZacMuffin -> The command "!youtube" has been updated successfully."
372,vvazzip,#8A2BE2,"16 raiders from VVazzip have joined! "
381,charliegldmn,#DC4C0E,"KomodoHype KomodoHype"
387,vvazzip,#8A2BE2,"gl to the runners :)"
403,lunaraes_,#0000FF,"gl to the runners"
409,bopka_,,"GLHF"
412,charliegldmn,#DC4C0E,"apple please lock in for the channel points"
414,gustative,#8A2BE2,"glglglglgl"
419,gustative,#8A2BE2,"im going for the aussies"
422,gustative,#8A2BE2,"unbiased of course"
422,charliegldmn,#DC4C0E,"I need my gambling dosage"
426,ananonymoussource,#1E90FF,"sorry I made the prediction too short lemme remake it"
435,staunch82,#DAA520,"dropping 5 grand on chromaq 🗣️🗣️"
454,charliegldmn,#DC4C0E,"Anonymous blunder"
459,zacmuffin,#52FFFC,"This is a TRIPLE ELIMINATION match. Only one runner will make it to the second round of playins. Useful commands: !bracket !info !runners !youtube"
467,nogamesensetv,#FF69B4,"easy olive W here"
468,nogamesensetv,#FF69B4,"rap it up"
481,crashmdo,#0000FF,"Watch as Benny clutches it up"
484,nogamesensetv,#FF69B4,"wrap*"
525,charliegldmn,#DC4C0E,"🍎 🍏"
586,szzliy,#FF69B4,"I was worried I’d missed it"
645,charliegldmn,#DC4C0E,"Mfw technical difficulties scynorHate"
698,notek0,#0000FF,"let’s goooo"
746,eroadhouse,#2E8B57,"yoooo"
779,nogamesensetv,#FF69B4,"1 min paus"
788,calebspeedrunning,#008000,"gl to all runners!"
799,nogamesensetv,#FF69B4,"chroma has godlike mental tho"
802,zacmuffin,#52FFFC,"@ChessWiz I made you a moderator in youtube if you wanna just keep it open in case we get a rogue spammer"
803,nogamesensetv,#FF69B4,"omg this prediction"
829,calebspeedrunning,#008000,"All in"
838,gustative,#8A2BE2,"i got my boy apple winning"
841,gustative,#8A2BE2,"clutch up for me"
851,the_appleman_,#9ACD32,"gotchu king"
855,gustative,#8A2BE2,"legend"
857,nogamesensetv,#FF69B4,"javster?"
865,staunch82,#DAA520,"yooo"
870,charliegldmn,#DC4C0E,"@gustative lock in"
873,kwazrr_,#FF4500,"no, it's 3 am TrollDespair"
882,nogamesensetv,#FF69B4,"good morning @kwazrr_"
882,saber1658,#DAA520,"I have too much faith in everyone"
885,saber1658,#DAA520,"I can’t gamble"
929,charzight,#00D8FF,"Oh we are so back"
936,staunch82,#DAA520,"Zac definitely got Celtics knicks open in the corner"
954,frostxbytex,#1E90FF,"let’s go"
983,nogamesensetv,#FF69B4,"so sick"
990,frostxbytex,#1E90FF,"LMAOOO"
997,nogamesensetv,#FF69B4,"australia vs america"
1009,the_appleman_,#9ACD32,"au clears tbh"
1027,noob9ager,,"@The_AppleMan_ definitely no bias"
1048,eroadhouse,#2E8B57,"bricko jav p53 and core my goats"
1056,frostxbytex,#1E90FF,"kallyGreen"
1057,charzight,#00D8FF,"Give Core a raise"
1066,frostxbytex,#1E90FF,"I LOVE BRICKO"
1072,blagueur01,#008000,"50% raise granted"
1085,saber1658,#DAA520,"dock Cores pay"
1086,kwazrr_,#FF4500,"!predictions"
1086,nightbot,#7C7CE1,"View the prediction standings on the 'prediction standings' page here: https://docs.google.com/spreadsheets/d/1aw1PAYWkjjj5oZSwaHdP-MnY0472wjWqDpyinL9v4r0/edit?usp=sharing"
1098,core_competence,#0A50A1,"oh baby"
1100,greenbean_g,#9ACD32,"woah"
1100,garrisonlarrison,#0000FF,"go Benny 🇺🇸"
1131,kwazrr_,#FF4500,"Dance"
1136,saber1658,#DAA520,"GriddyGoose"
1137,charzight,#00D8FF,"DinoDance DinoDance DinoDance DinoDance"
1143,charliegldmn,#DC4C0E,"DinoDance DinoDance DinoDance"
1158,aidenmoment_,#00FF7F,"🔥🔥🔥🔥"
1160,frostxbytex,#1E90FF,"kallyGreen"
1165,nogamesensetv,#FF69B4,"bennymoon black screen gg"
1224,charliegldmn,#DC4C0E,"it’s always capture card bruh"
1227,revvylo,#B2D400,"17 raiders from Revvylo have joined! "
1239,nogamesensetv,#FF69B4,"Revvylo Pog"
1342,kwazrr_,#FF4500,"glglglgl"
1348,charliegldmn,#DC4C0E,"Zac is insider trading"
1350,charliegldmn,#DC4C0E,"ban him"
1357,nogamesensetv,#FF69B4,"appleman insane lead already what"
1413,dahamster1,#1E90FF,"what’s bennys address and IP?"
1431,charzight,#00D8FF,"is it me or is the brightness low on the screens"
1439,noob9ager,,"@Charzight its definitely low"
1443,pokefresh_,,"is the timer RTA?"
1460,dahamster1,#1E90FF,"yeah it’s all downhill from here"
1462,core_competence,#0A50A1,"yes, timer is RTA, the timing of each runner itself is loadless though"
1464,dahamster1,#1E90FF,"no more good levels"
1470,kwazrr_,#FF4500,"are we gonna see savecancels?"
1475,core_competence,#0A50A1,"timer on screen is more of an orientation"
1515,charliegldmn,#DC4C0E,"good stuff apple"
1517,core_competence,#0A50A1,"pog all 4 saves"
1519,biksel,#00ADCC,"pog all saves"
1520,c_a_l_a_m_a_r_i,,"Appleman applestans lessgooo"
1520,kwazrr_,#FF4500,"no penalties Pog"
1526,calebspeedrunning,#008000,"Are we supposed to hear game audio"
1555,charzight,#00D8FF,"noo Apple"
1570,charliegldmn,#DC4C0E,"sorry anon"
1578,charliegldmn,#DC4C0E,"apple FUCK"
1587,charliegldmn,#DC4C0E,"thanks anon"
1611,revvylo,#B2D400,"benny clean with the jar jar jumps"
1635,noob9ager,,"benny is flying"
1635,pokefresh_,,"is gamerolive blooming"
1668,core_competence,#0A50A1,"yeah we have a bloomer in the top left"
1718,revvylo,#B2D400,"playing with bloom on and wearing sunglasses"
1741,dahamster1,#1E90FF,"Benny keyboard p1?"
1757,dahamster1,#1E90FF,"conformation from knowers?"
1772,revvylo,#B2D400,"the movement for sure looks like it"
1809,core_competence,#0A50A1,"he might be kb, con"
1862,biksel,#00ADCC,"he has con p1 in any%, but it moves very weirdly"
1865,biksel,#00ADCC,"pb*"
1879,core_competence,#0A50A1,"could also be just an offbrand controller, mine also had only 8 angles"
1925,itsjared97,#FF0000,"@FrostxBytex knicks are cooking"
1955,kwazrr_,#FF4500,"they're all muted Sadge no talking during the race just pure focus"
1998,charliegldmn,#DC4C0E,"Jared watching basketball and commenting YEP"
2011,frostxbytex,#1E90FF,"@itsjared97 shush"
2014,dahamster1,#1E90FF,"apple my goat"
2017,dahamster1,#1E90FF,"I believe"
2018,nogamesensetv,#FF69B4,"have to reset"
2060,javster101,#9ACD32,"Bennyheads prevailing rn"
2064,ethanmagicbrown,#D0A80B,"game is dead"
2074,virtualflup,#8A2BE2,"Is it not faster to restart"
2079,ethanmagicbrown,#D0A80B,"sorry olive i just dont see how you dont get last at this point"
2080,revvylo,#B2D400,"it for sure is"
2081,anorakdt,#DFC80E,"it is"
2082,ethanmagicbrown,#D0A80B,"its def faster"
2084,anorakdt,#DFC80E,"he doesnt know"
2084,nogamesensetv,#FF69B4,"definitely"
2085,ananonymoussource,#1E90FF,"it was yeah"
2089,core_competence,#0A50A1,"he probably just doesnt know"
2098,virtualflup,#8A2BE2,"we just talked about this yesterday during our race lol"
2111,ananonymoussource,#1E90FF,"I wonder how far into the lap you have to be for it to be faster to continue"
2129,szzliy,#FF69B4,"More than 2 hours left"
2147,derfbergur,#BE00CB,"chromaq my goat!"
2199,ethanmagicbrown,#D0A80B,"benny has a pretty decent lead i think"
2270,charzight,#00D8FF,"iirc apple got the god jedi battle seed last year right"
2281,virtualflup,#8A2BE2,"lmao"
2301,nogamesensetv,#FF69B4,"chroma q has got this"
2305,staunch82,#DAA520,"do runners know where their opponents are"
2310,szzliy,#FF69B4,"Szzliy subscribed at Tier 1. "
2313,virtualflup,#8A2BE2,"I need chroma to win this"
2320,ananonymoussource,#1E90FF,"they can look if they want to"
2325,chesswiz,#DAA520,"yeah they can watch the stream"
2326,biksel,#00ADCC,"@staunch82 if they want, I know some prefer to have everything off"
2332,javster101,#9ACD32,"My life savings are on benny"
2367,nogamesensetv,#FF69B4,"benny lowkey looking nice on that hangar"
2383,javster101,#9ACD32,"That's what I've been saying"
2464,frostxbytex,#1E90FF,"lego"
2470,virtualflup,#8A2BE2,"lego"
2474,firmynator,#7C13FF,"lego"
2478,charzight,#00D8FF,"lego"
2478,nogamesensetv,#FF69B4,"lego"
2482,core_competence,#0A50A1,"lego"
2482,force28_,#1BFFFF,"lego"
2484,staunch82,#DAA520,"lego"
2484,javster101,#9ACD32,"lego"
2486,biksel,#00ADCC,"lego"
2488,kwazrr_,#FF4500,"lego"
2491,chesswiz,#DAA520,"lego"
2491,noob9ager,,"lego"
2494,charliegldmn,#DC4C0E,"lego"
2507,charliegldmn,#DC4C0E,"cmonBruh"
2515,frostxbytex,#1E90FF,"no one has ever liked you"
2521,nogamesensetv,#FF69B4,"LOL"
2522,charzight,#00D8FF,"thanks mods"
2524,frostxbytex,#1E90FF,"my bad"
2528,charliegldmn,#DC4C0E,"thanks 👍"
2529,ananonymoussource,#1E90FF,"glorp"
2537,nogamesensetv,#FF69B4,"bennymoon crazy aura rn"
2558,ethanmagicbrown,#D0A80B,"for the rebelion!"
2559,frostxbytex,#1E90FF,"what happened to olive? pod fraud?"
2560,javster101,#9ACD32,"I'd call it an upset but it was foreseeb"
2567,noob9ager,,"@FrostxBytex yup"
2570,javster101,#9ACD32,"Yeah"
2578,frostxbytex,#1E90FF,"tough"
2646,nogamesensetv,#FF69B4,"LETS GO CHROMA! LETSGO"
2724,derfbergur,#BE00CB,"CHROMA IN THE LEAD LFG"
2794,zombiekill212,,"CMON CHROMA"
2816,hennmore,#8A2BE2,"whos winning this"
2824,core_competence,#0A50A1,"official ep1 exits, chroma: 22:03, benny: 22:20, Appleman: 22:55, GamerOlive: 25:02"
2843,notdavirm,#00FF7F,"I’m betting my life savings on chroma"
2846,force28_,#1BFFFF,"core mvp"
2856,hennmore,#8A2BE2,"wtf happened to olive in ep1"
2864,force28_,#1BFFFF,"pod fraud"
2865,kwazrr_,#FF4500,"@Hennmore pod fraud"
2869,hennmore,#8A2BE2,"dam"
2877,revvylo,#B2D400,"@core_competence are we getting deltas on the 3 player layout?"
2883,core_competence,#0A50A1,"yes revvy"
2885,zacmuffin,#52FFFC,"Yeah"
2886,revvylo,#B2D400,"he'll yea"
2897,core_competence,#0A50A1,"also a bit of split history I believe"
2902,frostxbytex,#1E90FF,"did anyone forget to save"
2909,core_competence,#0A50A1,"no, everyone saved after 1-1"
2919,thdarkn3ss,,"LETS GOOO CHROMA"
2919,frostxbytex,#1E90FF,":D"
2982,core_competence,#0A50A1,"benny 2s ahead 2020Rivalry"
2993,garrisonlarrison,#0000FF,"i think core competence will win the entire league"
3001,virtualflup,#8A2BE2,"real"
3024,nogamesensetv,#FF69B4,"benny is cranking"
3042,staunch82,#DAA520,"let’s go chroma"
3045,kwazrr_,#FF4500,"scynor can do, he has the lb1 fp buff"
3064,nogamesensetv,#FF69B4,"appleman backup"
3066,nogamesensetv,#FF69B4,"nice"
3077,kwazrr_,#FF4500,"benny cooking"
3085,dahamster1,#1E90FF,"crazy W from bennymoon"
3116,revvylo,#B2D400,"benny camera panning, controller confirmed?"
3143,ananonymoussource,#1E90FF,"dpad truthers rise up"
3177,yungchike,,"lets go chromaq"
3178,yungchike,,"my goat"
3193,revvylo,#B2D400,"how did that kamino clip work from benny"
3200,javster101,#9ACD32,"He's just that good"
3210,revvylo,#B2D400,"i'm doing it wrong ig"
3213,revvylo,#B2D400,"benny is just goated"
3232,ananonymoussource,#1E90FF,"I'm being stratmogged by the 26 seed fml"
3248,nogamesensetv,#FF69B4,"i would love to know this benny kamino time"
3256,staunch82,#DAA520,"uh oh appleman"
3259,frostxbytex,#1E90FF,"halftime is over good bye"
3265,core_competence,#0A50A1,"if the cutscenes are the same time every time can't you just subtract however long they are from your time? that way you can do any episode order you want without worrying about RTA? like load screens"
3268,dahamster1,#1E90FF,"see you frost"
3275,dahamster1,#1E90FF,"true core"
3292,firmynator,#7C13FF,"@core_competence top 10 takes ever"
3306,javster101,#9ACD32,"More like wise_competence"
3310,yungchike,,"hes just that good folks"
3404,virtualflup,#8A2BE2,"That's insane"
3410,nogamesensetv,#FF69B4,"ive never done that"
3422,cragon76,,"i've never seen that"
3491,virtualflup,#8A2BE2,"gizmo softlock"
3506,virtualflup,#8A2BE2,"huge"
3524,meggitz208,#9F3877,"gizmo softlock sadge"
3564,virtualflup,#8A2BE2,"lmao"
3642,crazy_crabby_jr,,"Are they all playing right now or is this a re-run?"
3653,nogamesensetv,#FF69B4,"@crazy_crabby_jr all playing"
3653,meggitz208,#9F3877,"it’s all live"
3662,levkester,#1E90FF,"oh we gaming"
3670,crazy_crabby_jr,,"Let's go brkPause"
3718,nogamesensetv,#FF69B4,"!youtube"
3718,nightbot,#7C7CE1,"Check out the TCS Speedrunning Community youtube channel here: https://www.youtube.com/@TCSSpeedrunning and the LEGO Speedruns youtube channel here: https://www.youtube.com/@LEGOSpeedrunning"
3794,crazy_crabby_jr,,"brkDadStance"
3921,crazy_crabby_jr,,"brkChad Benny just built different"
3951,firmynator,#7C13FF,"merry christmas!"
3975,nogamesensetv,#FF69B4,"nice"
3975,meggitz208,#9F3877,"woahhh Christmas"
3975,derfbergur,#BE00CB,"chroma solved it"
3976,crazy_crabby_jr,,"It's may @firmynator compla5Slay"
3993,staunch82,#DAA520,"if it ain’t broke don’t fix it"
4003,crazy_crabby_jr,,"brkStop ADS WTF"
4083,crazy_crabby_jr,,"brkChad W BENNY"
4162,crazy_crabby_jr,,"This is my favorite episode of the complete saga"
4194,crazy_crabby_jr,,"Andor is amazing"
4222,kwazrr_,#FF4500,"it aint over till its over"
4235,meggitz208,#9F3877,"facts"
4240,crazy_crabby_jr,,"brkChad BENNY IS KILLING IT RN"
4245,meggitz208,#9F3877,"im team olive through and through"
4249,yungchike,,"I would bet my life savings and my left leg on Chromaq"
4251,crazy_crabby_jr,,"brkChad W BENNY"
4257,meggitz208,#9F3877,"all respect to Benny but olive is gonna pull thru"
4262,batmanpikachew,#8A2BE2,"USA vs Australia"
4273,javster101,#9ACD32,"All respect to olive but Benny is playing"
4281,nogamesensetv,#FF69B4,"chromaq will win"
4289,staunch82,#DAA520,"chroma q"
4294,javster101,#9ACD32,"Bennyheads prevail"
4295,ananonymoussource,#1E90FF,"Scucker takes this one"
4299,crazy_crabby_jr,,"brkChad I'M THE ORACLE & BENNY IS THE WINNER"
4300,meggitz208,#9F3877,"Zac ur cancelled"
4305,meggitz208,#9F3877,"cancelled"
4315,zachcr_,#F2F002,"wait is that the muffin man?"
4320,derfbergur,#BE00CB,"chromaq all the way"
4322,c_a_l_a_m_a_r_i,,"Applestans for applemann"
4335,crazy_crabby_jr,,"I'm from Norway but I'm team BENNY brkPause"
4344,thdarkn3ss,,"Chroma win"
4345,nogamesensetv,#FF69B4,"ez dragon win"
4346,yungchike,,"IM FROM JAMAICA AND MY MONEYS ON CHROMA"
4356,yungchike,,"lilpoo2DinkDonk"
4362,crazy_crabby_jr,,"brkChad SO MANY BENNY HATERS"
4366,notdavirm,#00FF7F,"#chromasweep"
4374,raaapho,#0000FF,"gl everybody ! hobbLink"
4382,crazy_crabby_jr,,"brkChad #BENNYSWEEP"
4397,core_competence,#0A50A1,"apparently phantom might also play it live"
4401,firmynator,#7C13FF,"appleman catchup PauseChamp"
4403,core_competence,#0A50A1,"still figuring it out fully"
4416,nogamesensetv,#FF69B4,"ez frost win"
4422,crazy_crabby_jr,,"brkChad BENNY W"
4484,firmynator,#7C13FF,"pause"
4490,nogamesensetv,#FF69B4,"is kwazrr hot?"
4494,yungchike,,"id argue chromaqs the hottest"
4495,javster101,#9ACD32,"Yes"
4502,kwazrr_,#FF4500,"😳 jared"
4511,crazy_crabby_jr,,"brkChad EVERYONE WHO SUPPORTS BENNY TYPE 1"
4514,javster101,#9ACD32,"1"
4516,derfbergur,#BE00CB,"2"
4517,firmynator,#7C13FF,"1"
4518,nogamesensetv,#FF69B4,"2"
4522,force28_,#1BFFFF,"1"
4524,crazy_crabby_jr,,"1"
4528,yungchike,,"2"
4533,aidenmoment_,#00FF7F,"1"
4533,thdarkn3ss,,"2"
4559,derfbergur,#BE00CB,"#ChromaqSweep"
4570,thenzota,,"slowforce AlienPls"
4593,crazy_crabby_jr,,"brkChad ALL OF TEAM BENNY TYPE #BENNYSWEEP"
4617,dahamster1,#1E90FF,"erm its not the oldest method actually"
4624,nogamesensetv,#FF69B4,"no bennymoon softlock nice"
4636,anorakdt,#DFC80E,"im guessing everyone is doing satellite strat"
4647,anorakdt,#DFC80E,"ejp jump would be very impressive"
4662,core_competence,#0A50A1,"apple could do slowforce"
4680,petsmartofficial,#00FAFF,"Anyone in chat got pets?"
4692,meggitz208,#9F3877,"yes I do petsmartofficial"
4695,crazy_crabby_jr,,"brkChad #BENNYSWEEP"
4705,kwazrr_,#FF4500,"olive still playing as good as the rest just with a gap between them"
4707,meggitz208,#9F3877,"why do you ask petsmartofficial"
4744,petsmartofficial,#00FAFF,"@meggitz208 If you use PetSmart Autoship you get $20 off your first order!"
4765,crazy_crabby_jr,,"brkChad BENNY IS KING"
4774,meggitz208,#9F3877,"oh! thank you! do you have any products that you recommend petsmartofficial?"
4826,crazy_crabby_jr,,"brkChad BENNY MOON HATERS SECRETLY BENNY MOON LOVERS"
4884,meggitz208,#9F3877,"is everyone going for it omg"
4920,petsmartofficial,#00FAFF,"@meggitz208 You can order all of the essential pet supplies right to your door such as pet food, cat litter, treats, and grooming products!"
4924,crazy_crabby_jr,,""
4944,yungchike,,"lilpoo2Clown  this guy above me"
4954,kwazrr_,#FF4500,"chroma and apple are close rn"
4965,staunch82,#DAA520,"the timer 😭"
4967,crazy_crabby_jr,,"brkChad uno reverse @yungchike"
4981,yungchike,,"nooo"
4996,javster101,#9ACD32,"BENNYHEADS HOLD THE LINE"
5003,petsmartofficial,#00FAFF,"Where can I gamble"
5006,thdarkn3ss,,"CHROMA ALL THE WAY!!!!"
5009,nogamesensetv,#FF69B4,"Bricko favorite skip coming"
5020,yungchike,,"benny fans rn lilpoo2Lubbers"
5023,crazy_crabby_jr,,"brkNeckbeard <---- every CHROMA_Q FAN"
5023,meggitz208,#9F3877,"brutal"
5032,yungchike,,"@crazy_crabby_jr LMFAOOO"
5039,yungchike,,"thats funny asl ngl"
5049,meggitz208,#9F3877,"apple man ON TOP"
5060,szzliy,#FF69B4,"Dewback room saved YodaPog"
5065,crazy_crabby_jr,,""
5075,meggitz208,#9F3877,"olive prayge"
5075,biksel,#00ADCC,"buddy I think we get it"
5076,the_appleman_,#9ACD32,"idk how to deaggro LMAO"
5086,meggitz208,#9F3877,"peak"
5101,yungchike,,"he knows ball"
5102,crazy_crabby_jr,,"You can't stop the hype @biksel brkPause"
5118,kwazrr_,#FF4500,"I think we can crabby, just chill"
5139,thenzota,,"wow this spaceport was pivotal"
5151,lasertrap_,#1E90FF,"How do you do fellow kids"
5153,derfbergur,#BE00CB,"@The_AppleMan_ GET BACK IN THE RACE MAN WHAT ARE YOU DOING HERE"
5162,the_appleman_,#9ACD32,":3"
5163,crazy_crabby_jr,,"brkChad I AM CHILLING @kwazrr_"
5167,meggitz208,#9F3877,":3c"
5202,gingerlegendlive,#FF4500,"holy moly"
5212,c_a_l_a_m_a_r_i,,"Applestans LETS GOOOO"
5215,core_competence,#0A50A1,"jo LaserTrap_ , hows it going"
5218,meggitz208,#9F3877,"internet celeb gingerlegend in the chat"
5234,staunch82,#DAA520,"Benny and chroma  lrt I think Cinema"
5258,crazy_crabby_jr,,"brkHenry chroma fans when they realize he's cooked"
5271,core_competence,#0A50A1,"yeah benny and chroma are tied"
5304,crazy_crabby_jr,,"brkBoogie LET'S GOOOOO BENNY"
5310,anorakdt,#DFC80E,"he did"
5314,meggitz208,#9F3877,"lock in Apple u can do it"
5315,biksel,#00ADCC,"benny did"
5316,core_competence,#0A50A1,"bro these comms"
5316,force28_,#1BFFFF,"he did"
5316,firmynator,#7C13FF,"he did"
5319,crazy_crabby_jr,,"He did"
5323,core_competence,#0A50A1,"blind as fishs"
5323,revvylo,#B2D400,"he did, he's just so fast"
5326,cragon76,,"he did"
5337,crazy_crabby_jr,,"brkGamba <--- ANNOUNCERS"
5342,cragon76,,"comms are so lost"
5346,meggitz208,#9F3877,"there it is purr"
5369,crazy_crabby_jr,,""
5378,yungchike,,"@crazy_crabby_jr LOL"
5398,meggitz208,#9F3877,"my goat"
5410,core_competence,#0A50A1,"@crazy_crabby_jr  pls calm it a bit on those highighted messages"
5415,biksel,#00ADCC,"oh no apple"
5420,crazy_crabby_jr,,"brkCupium <----- chroma fans thinking chroma getting a win against my boy Benny"
5441,c_a_l_a_m_a_r_i,,"Apple bro 😭😭😭"
5454,crazy_crabby_jr,,"phoeplBlob APPLE IS COOKED"
5472,meggitz208,#9F3877,"playin commentary moment"
5476,crazy_crabby_jr,,"brkChad W BENNY"
5486,force28_,#1BFFFF,"yes"
5503,crazy_crabby_jr,,"brkChad THAT'S MY KING"
5509,derfbergur,#BE00CB,"BigSad <--- crazy crabby when benny loses to chroma"
5531,meggitz208,#9F3877,"w Benny"
5532,virtualflup,#8A2BE2,"that was so scary"
5536,kwazrr_,#FF4500,"nice trash from benny"
5541,biksel,#00ADCC,"that's way too fast for comfort"
5546,crazy_crabby_jr,,"brkTurd <----- @derfbergur when he tries to be funny"
5554,core_competence,#0A50A1,"tell that the last year runners that seed 26 is getting trash skip"
5585,derfbergur,#BE00CB,"derfbergur gifted a Tier 1 sub to crazy_crabby_jr! This is their first Gift Sub in the channel! "
5588,meggitz208,#9F3877,"brutal"
5595,yungchike,,"LOL"
5599,coolestto,#B56BFF,"lmao"
5604,nogamesensetv,#FF69B4,"crazy timing"
5606,meggitz208,#9F3877,"that’s peak"
5608,nogamesensetv,#FF69B4,"message delete into gift sub"
5610,crazy_crabby_jr,,"MIDS DELETED MY MESSAGE BECAUSE THEY AIN'T TEAM BENNY"
5620,crazy_crabby_jr,,"W @derfbergur phoeplOve"
5623,core_competence,#0A50A1,"i am team benny"
5623,virtualflup,#8A2BE2,"interesting interesting"
5625,thdarkn3ss,,"LMAO"
5626,core_competence,#0A50A1,"but pls calm down a bit"
5666,crazy_crabby_jr,,"YOU MAY BE TEAM BENNY BUT YOU SHOULD ALSO BE TEAM GLAZE brkPause"
5671,force28_,#1BFFFF,"benny just built different"
5681,meggitz208,#9F3877,"trash skips seems like a very high level trick"
5691,crazy_crabby_jr,,"brkChad EVRYONE WHO SUPPORTS BENNY TYPE 1"
5695,virtualflup,#8A2BE2,"did he turn ebb back on?"
5699,kwazrr_,#FF4500,"being hyped and rooting for someone is good as long as you don't insult the other competitors and viewers who are also putting in the work and enjoying the match"
5700,virtualflup,#8A2BE2,"or was it off"
5718,szzliy,#FF69B4,"Oh no"
5719,ananonymoussource,#1E90FF,"uhh"
5721,virtualflup,#8A2BE2,"uh oh"
5723,ananonymoussource,#1E90FF,"hmmm"
5726,biksel,#00ADCC,"uhmm"
5730,anorakdt,#DFC80E,"he dropped out for like a frame"
5732,virtualflup,#8A2BE2,"lmao"
5733,revvylo,#B2D400,"oh man"
5733,gingerlegendlive,#FF4500,"this is why i retired"
5738,ananonymoussource,#1E90FF,"oh wow"
5739,meggitz208,#9F3877,"facts"
5741,virtualflup,#8A2BE2,"He definitely did yeah"
5743,dahamster1,#1E90FF,"true ginger"
5743,crazy_crabby_jr,,"@kwazrr_ NOT INSULTING I'M JUST MAKING JOKES IF YOU CAN'T TAKE THEM THEN YOU ARE SOFT brkChad"
5746,kwazrr_,#FF4500,"olive 1st try"
5748,firmynator,#7C13FF,"absolute cinema"
5760,virtualflup,#8A2BE2,"@crazy_crabby_jr you're asking to get banned ngl"
5761,crazy_crabby_jr,,"brkChad W BENNY"
5783,virtualflup,#8A2BE2,"juice"
5789,nogamesensetv,#FF69B4,"chroma coming back"
5793,meggitz208,#9F3877,"chroma q incoming"
5795,firmynator,#7C13FF,"thank god chroma is still in lol"
5803,meggitz208,#9F3877,"WAGHA ADS WOMP WOMP"
5807,virtualflup,#8A2BE2,"chroma please win this I need my points"
5810,ananonymoussource,#1E90FF,"Chroma 5 second LRT lead"
5815,anorakdt,#DFC80E,"meanwhile olive has caught up a ton"
5820,derfbergur,#BE00CB,"whats LRT?"
5821,meggitz208,#9F3877,"true"
5824,thdarkn3ss,,"yup"
5825,anorakdt,#DFC80E,"im back on team olive"
5825,nogamesensetv,#FF69B4,"lets go Knicks"
5830,zombiekill212,,"CMON CHROMA"
5831,force28_,#1BFFFF,"@derfbergur load removed time"
5834,meggitz208,#9F3877,"lrt = load removed time"
5838,derfbergur,#BE00CB,"thank u"
5851,biksel,#00ADCC,"or loadless real time to some"
5860,kwazrr_,#FF4500,"olive hasn't made many mistakes since pod fraud tbh"
5878,ananonymoussource,#1E90FF,"Olive passed Apple"
5880,nogamesensetv,#FF69B4,"@kwazrr_ the fast force oob was tough"
5884,yungchike,,"you got this chromaq"
5910,thdarkn3ss,,"lets go chroma"
5916,kwazrr_,#FF4500,"apple 1p jabbas soon"
5918,blagueur01,#008000,"run gg has Olive in first"
5928,nogamesensetv,#FF69B4,"@blagueur01 ?"
5942,blagueur01,#008000,"Idk exactly how it ranks. Maybe lowest BPT?"
5947,anorakdt,#DFC80E,"@blagueur01 it does not"
5965,anorakdt,#DFC80E,"yeah those numbers dont mean placement"
5987,revvylo,#B2D400,"@blagueur01 it's the "completion percent" which i guess is kinda bpt"
5990,cookeskitchen,#008000,"Woohoo go appleman 🥰"
5999,zombiekill212,,"oh nooooo"
6001,blagueur01,#008000,"What do they mean? And Why do they change positions?"
6019,nogamesensetv,#FF69B4,"best Rebel Attack"
6028,biksel,#00ADCC,"scriptwriters going hard with this one"
6036,revvylo,#B2D400,"@blagueur01 it's kinda weird, i'd just look at the level exits"
6047,meggitz208,#9F3877,"very impactful episode"
6051,meggitz208,#9F3877,"loving this race"
6056,quack2back,#FF69B4,"Quack2Back is gifting 1 Tier 1 Subs to LEGOSpeedruns's community! They've gifted a total of 1 in the channel! "
6057,quack2back,#FF69B4,"Quack2Back gifted a Tier 1 sub to wojtekjaja! "
6058,meggitz208,#9F3877,"and most of this chat"
6059,crazy_crabby_jr,,"Just gives Benny more motivation brkChad"
6060,quack2back,#FF69B4,"eroadhT eroadhT eroadhT"
6070,nogamesensetv,#FF69B4,"@Quack2Back ty goat"
6169,anorakdt,#DFC80E,"olive is just ahead of appleman"
6172,the_appleman_,#9ACD32,"real ones know whats about to happen in jabbas"
6173,szzliy,#FF69B4,"I'm stressed for Carkoon"
6176,kwazrr_,#FF4500,"chroma?"
6190,gingerlegendlive,#FF4500,"🤓 <-- ZacMuffin"
6191,kwazrr_,#FF4500,"nvm"
6217,crazy_crabby_jr,,"compla5Nerd "A 1:19:27""
6226,quack2back,#FF69B4,"@GingerLegendLive Ginger spittin"
6245,cragon76,,"no tb?"
6257,szzliy,#FF69B4,"I love Jabba sounds"
6259,charzight,#00D8FF,"@gingerlegendlive how have u been brother"
6271,anorakdt,#DFC80E,"@cragon76 did benny not turn it on?"
6295,kwazrr_,#FF4500,"I wanna see the apple strats"
6328,firmynator,#7C13FF,"noooo apply"
6330,gingerlegendlive,#FF4500,"@Charzight fine"
6330,crazy_crabby_jr,,"brkHyper Benny is the chosen one"
6331,firmynator,#7C13FF,"apple"
6342,core_competence,#0A50A1,"zac actively ragebaiting"
6345,charzight,#00D8FF,"@gingerlegendlive good to hear"
6346,core_competence,#0A50A1,"he did get it guys"
6346,biksel,#00ADCC,"lmao"
6350,virtualflup,#8A2BE2,"easy level"
6357,biksel,#00ADCC,"engagement baiting"
6369,cragon76,,"he missed the red brick!!??11"
6371,virtualflup,#8A2BE2,"no spiderful tragic"
6372,ananonymoussource,#1E90FF,"Benny missed VSB ! ! !"
6375,force28_,#1BFFFF,"@cragon76 no"
6378,biksel,#00ADCC,"😲"
6385,blagueur01,#008000,"He didn't go for TB"
6388,crazy_crabby_jr,,"phoeplUcyy <---- If you are team Benny you look like this"
6417,crazy_crabby_jr,,"compla5YOUCANT a soft lock"
6418,virtualflup,#8A2BE2,"wouldn't softlock if you did spiderful"
6420,kwazrr_,#FF4500,"let's go"
6468,kwazrr_,#FF4500,"hoooly"
6469,firmynator,#7C13FF,"LMAO"
6472,biksel,#00ADCC,"LMAO"
6473,cragon76,,"THIS GUY"
6475,biksel,#00ADCC,"this guy"
6477,meggitz208,#9F3877,"that’s nuts"
6477,crazy_crabby_jr,,"LMAO"
6481,chesswiz,#DAA520,"lmao"
6484,cragon76,,"HOLYYY"
6489,thdarkn3ss,,"no way"
6494,kwazrr_,#FF4500,"he knows ball"
6502,crazy_crabby_jr,,"brkPause APPLE PLAYING ON MOBILE?"
6522,anorakdt,#DFC80E,"@crazy_crabby_jr yes he is currently playing on mobile"
6531,yungchike,,"@crazy_crabby_jr LOL"
6559,nogamesensetv,#FF69B4,"ok apple just isnt on mible"
6569,the_appleman_,#9ACD32,"yeah i can confirm hes on mobile"
6585,kwazrr_,#FF4500,"don't know if it's been mentioned yet but commentators lag sometimes, every 10 min or so"
6587,anorakdt,#DFC80E,"yeah guys hes on mobile"
6593,crazy_crabby_jr,,"brkScam I'll shave my head if Benny loses"
6594,nogamesensetv,#FF69B4,"actually?"
6606,biksel,#00ADCC,"@kwazrr_ I think that's a sync of some sort?"
6607,the_appleman_,#9ACD32,"Not actually lmao"
6620,gingerlegendlive,#FF4500,"i want to see jared naked eye if u want to know what i mean"
6623,anorakdt,#DFC80E,"there is no player 2 on mobile, so no"
6642,crazy_crabby_jr,,"The announcers got a thing against Benny they keep saying chroma brkHyper"
6646,saber1658,#DAA520,"@GingerLegendLive ScaredyCat"
6657,zombiekill212,,"lets go Chromaaaaaaaaaaa"
6698,gingerlegendlive,#FF4500,"@Saber1658  Chillin"
6699,crazy_crabby_jr,,"brkChad W BENNY"
6762,crazy_crabby_jr,,"brkDadStance I'll go topless if Benny wins"
6770,nogamesensetv,#FF69B4,"lol"
6812,biksel,#00ADCC,"secret 3po setup"
6818,crazy_crabby_jr,,"brkChad that's my king aka the BENster"
6838,nogamesensetv,#FF69B4,"this 3p0 thing ins crazy"
6885,firmynator,#7C13FF,"rng manip"
6885,frostxbytex,#1E90FF,"first try"
6897,the_appleman_,#9ACD32,"ALL the homies hate disco"
6898,crazy_crabby_jr,,"THEY ACCUSING BENNY?"
6963,crazy_crabby_jr,,"Any Benny accusations will be thrown in the toilet & flushed brkPause"
6980,sikkviches,#D2691E,"you sound biased"
7004,crazy_crabby_jr,,"NO I'M BASED BECAUSE BENNY IS KING brkChad"
7010,zombiekill212,,"wrong"
7035,sikkviches,#D2691E,"@crazy_crabby_jr thats what a biased person would say"
7037,crazy_crabby_jr,,"@zombiekill212 it's opposite day so thank you for agreeing with me brkPause"
7040,charzight,#00D8FF,"LETS GO KNICKS"
7047,revvylo,#B2D400,"zota is like gojo, he's too powerful without the blindfold"
7055,frostxbytex,#1E90FF,"charzight gets it"
7061,crazy_crabby_jr,,"@sikkviches TEAM BENNY"
7150,sikkviches,#D2691E,"oh baby benny is strugglin"
7178,nogamesensetv,#FF69B4,"gamer olive really good mental to be in this after podrace"
7189,saber1658,#DAA520,"huge 12bs incoming"
7192,kwazrr_,#FF4500,"12bs???"
7192,biksel,#00ADCC,"12bs??"
7207,saber1658,#DAA520,"HUGE"
7209,force28_,#1BFFFF,"HOLY"
7210,biksel,#00ADCC,"hoolyy"
7210,kwazrr_,#FF4500,"HOLY"
7211,saber1658,#DAA520,"WOW"
7212,charzight,#00D8FF,"CLEAN"
7212,nogamesensetv,#FF69B4,"WOW"
7216,firmynator,#7C13FF,"HOLY"
7219,crazy_crabby_jr,,""
7222,revvylo,#B2D400,"benny has so much aura good lord"
7223,yungchike,,"huge knicks dub tn"
7223,the_appleman_,#9ACD32,"Wait that skip is sick ive never seen it lmaoo"
7229,biksel,#00ADCC,"@The_AppleMan_ lmao"
7229,sikkviches,#D2691E,"okay im a benny fan now"
7235,cragon76,,"dude this performance is crazy"
7264,crazy_crabby_jr,,"@sikkviches NAH ME & BENNY DON'T NEED YOU ON TEAM BENNY brkPause"
7284,sikkviches,#D2691E,"@crazy_crabby_jr I TAKE IT BACK"
7299,crazy_crabby_jr,,"brkChad TAKE WHAT BACK"
7349,blagueur01,#008000,"I think whoever was in the lead in Princess was the one who skipped Tractor Beam"
7360,crazy_crabby_jr,,"brkChad BENNY IS JUST BUILT DIFFERENT"
7361,anorakdt,#DFC80E,"@crazy_crabby_jr yo just curious, are you subbed to break? i think you might be but i cant tell"
7383,nogamesensetv,#FF69B4,"benny is very impressive bro"
7385,crazy_crabby_jr,,"Everyone else playing mega blocks while Benny playing Lego brkChad"
7394,nogamesensetv,#FF69B4,"i did not know he was like that"
7429,revvylo,#B2D400,"@AnorakDT pspAga"
7457,crazy_crabby_jr,,""
7466,sikkviches,#D2691E,"@crazy_crabby_jr more like BennyGoon AYOOO"
7468,szzliy,#FF69B4,"I got 15K on Benny"
7492,crazy_crabby_jr,,"Remember I'll go topless irl if Benny wins brkDadStance"
7527,crazy_crabby_jr,,"Wait there was a vote?"
7541,frostxbytex,#1E90FF,"?"
7545,frostxbytex,#1E90FF,"lunarjump?"
7545,crazy_crabby_jr,,"brkChad ADD ME ON TEAM BENNY"
7553,frostxbytex,#1E90FF,"LMAO"
7559,biksel,#00ADCC,"the goat"
7563,saber1658,#DAA520,"gotta support the fellow ben"
7576,crazy_crabby_jr,,"THE ANNOUNCERS DON'T SEE ME brkChad"
7577,szzliy,#FF69B4,"Lmao"
7589,anorakdt,#DFC80E,"wait i did?"
7598,crazy_crabby_jr,,"brkChad SHOUT ME OUT I'M THE BENNY GLAZER"
7598,meggitz208,#9F3877,"bricko my goat"
7607,blagueur01,#008000,"Anorak amnesiac"
7616,meggitz208,#9F3877,"girl please"
7616,kwazrr_,#FF4500,"lets see benny itds"
7629,anorakdt,#DFC80E,"oh yeah i picked benny bc he got that 4 minute pb"
7635,quack2back,#FF69B4,"eroadhT eroadhT eroadhT eroadhT"
7653,revvylo,#B2D400,"never tell me the odds"
7661,crazy_crabby_jr,,"I PICKED BENNY BECAUSE HE'S KING @anorakdt brkChad"
7667,quack2back,#FF69B4,"hi lucas"
7672,sikkviches,#D2691E,"@crazy_crabby_jr nah you are on the bandwagon"
7684,anorakdt,#DFC80E,"@crazy_crabby_jr you didnt fill out the prediction form little guy"
7687,meggitz208,#9F3877,"left side w"
7689,anorakdt,#DFC80E,"bandwagoner"
7697,meggitz208,#9F3877,"OLIVE MY GOAT"
7698,nogamesensetv,#FF69B4,"come on chroma"
7699,quack2back,#FF69B4,"get his ass sikkvich"
7699,crazy_crabby_jr,,"NAH I AM THE BANDWAGON HOP ON OR GET RAN OVER BY THE BENNYWAGON brkChad"
7700,sikkviches,#D2691E,"@AnorakDT facts"
7708,force28_,#1BFFFF,"omg"
7723,crazy_crabby_jr,,"@anorakdt I was lazy ASF"
7750,frostxbytex,#1E90FF,"Drake"
7751,crazy_crabby_jr,,"brkChad Benny is my god"
7760,meggitz208,#9F3877,"Benny has such a crazy lead dog"
7767,meggitz208,#9F3877,"but olive on top"
7768,crazy_crabby_jr,,"brkChad ALL HAIL BENNY"
7786,sikkviches,#D2691E,"@crazy_crabby_jr what is Benny's middle name"
7791,ananonymoussource,#1E90FF,"6-5 meltdown killing a previously very close, back and forth first race of the tournament?? @ejpman @itsjared97"
7812,the_appleman_,#9ACD32,"missing mobile itds rn :("
7820,the_appleman_,#9ACD32,"every tie fighter has a torp"
7848,james352_,#CC92DD,"Is it really ladder league season already?"
7863,meggitz208,#9F3877,"yerrrrp"
7879,crazy_crabby_jr,,"brkChad Benny"
7895,biksel,#00ADCC,"is there any pushing you can do at the end of itds with 2p?"
7930,the_appleman_,#9ACD32,"zulice had record at the time on wii lmao"
8027,szzliy,#FF69B4,"Best episode"
8068,biksel,#00ADCC,"oh no"
8070,firmynator,#7C13FF,"clutch grab from apple"
8075,ethanmagicbrown,#D0A80B,"How did gamer come back to second?"
8075,biksel,#00ADCC,"did he get it?"
8077,force28_,#1BFFFF,"clutchhh"
8078,firmynator,#7C13FF,"yeah"
8081,dahamster1,#1E90FF,"he got it"
8110,the_appleman_,#9ACD32,"omfg the it grab was scary"
8144,firmynator,#7C13FF,"you scared me apple lmao"
8193,the_appleman_,#9ACD32,"They hate to see my golds ;-;"
8292,meggitz208,#9F3877,"B)"
8306,frostxbytex,#1E90FF,"jareds gonna frame advance 20 times and miss it"
8316,derfbergur,#BE00CB,"@The_AppleMan_ get back in the game!!!!!!"
8326,derfbergur,#BE00CB,"lock in"
8344,the_appleman_,#9ACD32,"chancellor"
8358,derfbergur,#BE00CB,"thats me"
8371,zombiekill212,,"aint no way lmaoooooo"
8378,thdarkn3ss,,"LMAO"
8426,frostxbytex,#1E90FF,"uh"
8432,ananonymoussource,#1E90FF,"Iceberg moment"
8460,scucker,#1E90FF,"VeryBased"
8461,derfbergur,#BE00CB,"GO CHROMA GO"
8497,ananonymoussource,#1E90FF,"sucks for Benny but that's cool to see that in practice right after Justin's video"
8511,scucker,#1E90FF,"What happened I just tuned in"
8548,quack2back,#FF69B4,"eroadhT eroadhT eroadhT"
8567,ananonymoussource,#1E90FF,"@Scucker Benny didn't set his respawn at all for CSJ so he did superjump storage"
8630,charzight,#00D8FF,"bro lol"
8636,brickofett,#00C446,"Benny my goat"
8643,eroadhouse,#2E8B57,"real"
8655,scucker,#1E90FF,"GIGACHAD Chroma doing it the right way"
8672,notdavirm,#00FF7F,"hell yea"
8679,scucker,#1E90FF,"I don't want to root against Bennymoon but this is competitive"
8719,meggitz208,#9F3877,"scucker gets it"
8725,meggitz208,#9F3877,"thanks mods"
8738,ananonymoussource,#1E90FF,"lmao automod tried to block the word scucker"
8747,scucker,#1E90FF,"scuckeFat"
8754,meggitz208,#9F3877,"HAHAHAA"
8947,quack2back,#FF69B4,"eroadhT eroadhT eroadhT"
8959,lasertrap_,#1E90FF,"No scucking in chat"
8981,meggitz208,#9F3877,"who up scuckin it"
8982,meggitz208,#9F3877,"1984"
9003,coolestto,#B56BFF,"oddbal9Mmm"
9009,scucker,#1E90FF,"wiisupYoda"
9017,meggitz208,#9F3877,"giggit11Irony"
9044,yungchike,,"chromaq is multitalented"
9045,kwazrr_,#FF4500,"he did not have record in dcsv iirc"
9056,yungchike,,"bro is a born runner"
9075,notdavirm,#00FF7F,"bro knows geography"
9095,meggitz208,#9F3877,"oh yes"
9097,chesterthemouse2,#1E90FF,"canada is in north amrica"
9175,chesterthemouse2,#1E90FF,"what is bennys pb?"
9181,dahamster1,#1E90FF,"@crazy_crabby_jr apple clears benny"
9205,force28_,#1BFFFF,"what have you done hamster"
9234,scucker,#1E90FF,"HUH"
9238,wiisuper,#1E90FF,"92 raiders from WiiSuper have joined! "
9247,javster101,#9ACD32,"CR"
9250,yungchike,,"BRO"
9254,javster101,#9ACD32,"Fellas"
9260,brickofett,#00C446,"bricko2Wooo"
9266,zombiekill212,,"W"
9267,frostxbytex,#1E90FF,"BANGER"
9277,dahamster1,#1E90FF,"@crazy_crabby_jr appleman was talking about yo mama"
9307,coolestto,#B56BFF,"oddbal9Zesty I heard she's a lovely lady"
9331,javster101,#9ACD32,"Call your mothers everyone"
9350,revvylo,#B2D400,"@javster101 it's 4am do i still have to do it"
9356,javster101,#9ACD32,"Yes"
9359,scucker,#1E90FF,"Bloom GIGACHAD"
9362,revvylo,#B2D400,"she's not gonna be happy"
9370,scucker,#1E90FF,"I'll use bloom when I come back"
9375,javster101,#9ACD32,"Any enhanced graphics heads here?"
9426,yungchike,,"chromaq is getting pc diffed. free him."
9460,nogamesensetv,#FF69B4,"lrt bruh"
9474,the_appleman_,#9ACD32,"yooo run back ep 6 anyone?"
9478,scucker,#1E90FF,"Is this LRT or RTA"
9481,biksel,#00ADCC,"@NoGameSenseTV the fps is dropping a lot"
9481,scucker,#1E90FF,"for the tourny"
9513,the_appleman_,#9ACD32,"we should enforce 123456 order tbh"
9518,scucker,#1E90FF,"@The_AppleMan_ GIGACHAD"
9523,biksel,#00ADCC,"@Scucker final times should be lrt"
9530,brickofett,#00C446,"BrickoFett subscribed with Prime. They've subscribed for 2 months! Benny believers thriving"
9550,chesterthemouse2,#1E90FF,"real tcs fans run the game 134274"
9567,force28_,#1BFFFF,"I love ep 7"
9597,yungchike,,"FREE HIM"
9658,yungchike,,"someone PLEASE reimburse his time"
9743,dahamster1,#1E90FF,"@crazy_crabby_jr my boy flaming lazer says your gta 3 pb aint crap"
9748,chesterthemouse2,#1E90FF,"risking softlocks during the race is a very genius idea imo"
9755,blagueur01,#008000,"Chroma threw a run to first barrier skip like 2 days ago"
9779,kwazrr_,#FF4500,"hamster just let it go already😭"
9781,mariofan043,#FF4500,"Gl to all runners"
9786,meggitz208,#9F3877,"everyone’s gonna get wildly different boulders"
9875,nogamesensetv,#FF69B4,"BOOM"
9876,force28_,#1BFFFF,"BOOM"
9880,nogamesensetv,#FF69B4,"oh"
9883,mariofan043,#FF4500,"BOOM"
9884,meggitz208,#9F3877,"BOOM"
9887,chesterthemouse2,#1E90FF,"boom or spmething idk"
9887,saber1658,#DAA520,"BOOM"
9887,0dronzer,,"BOOM"
9888,flaming_lazer,#8A2BE2,"BOOM"
9889,kwazrr_,#FF4500,"BOOM"
9890,force28_,#1BFFFF,"BOOM"
9890,firmynator,#7C13FF,"BOOM"
9891,anorakdt,#DFC80E,"BOOM"
9891,cragon76,,"BOOOM"
9892,biksel,#00ADCC,"BOOM"
9893,chesswiz,#DAA520,"BOOM"
9896,nogamesensetv,#FF69B4,"i pre boomed"
9897,derfbergur,#BE00CB,"BOOM"
9898,zombiekill212,,"BOOM\"
9908,cragon76,,"Oh hey biksel"
9913,szzliy,#FF69B4,"What'd I miss"
9914,cragon76,,"some demon hours"
9922,mariofan043,#FF4500,"!bracket"
9922,biksel,#00ADCC,"@cragon76 yessir"
9922,nightbot,#7C7CE1,"View the bracket here: https://docs.google.com/spreadsheets/d/1aw1PAYWkjjj5oZSwaHdP-MnY0472wjWqDpyinL9v4r0"
9927,kwazrr_,#FF4500,"dragon werent you gonna sleep opao"
9929,kwazrr_,#FF4500,"lmao"
9937,cragon76,,"change of plans"
9942,firmynator,#7C13FF,"I hear birds outside am I cooked"
9944,cragon76,,"luk"
9945,revvylo,#B2D400,"what day does dahamster race?"
9946,cragon76,,"lul"
9959,force28_,#1BFFFF,"@firmynator we're cooked"
9964,nogamesensetv,#FF69B4,"im very impressed by bennymoon"
9965,0dronzer,,"sleeping is optional"
9971,chesterthemouse2,#1E90FF,"@firmynator no birds are supposed to be outside they live there"
9977,kwazrr_,#FF4500,"who needs sleep anyways"
9989,cragon76,,"@firmynator i literally looked outside and it was light outside and actually thought i’m so cooked😭"
9992,meggitz208,#9F3877,"BOOM"
9998,force28_,#1BFFFF,"BOOM"
9999,0dronzer,,"BOOM"
10004,flaming_lazer,#8A2BE2,"BOOOM"
10006,kwazrr_,#FF4500,"BOOM"
10007,chesswiz,#DAA520,"BOOM 󠀀"
10007,chesterthemouse2,#1E90FF,"boom"
10012,quack2back,#FF69B4,"BOOM"
10017,szzliy,#FF69B4,"boom"
10046,firmynator,#7C13FF,"this absolute cinema was worth the destroyed sleep"
10047,0dronzer,,"watch as everyone gets stuck on the boulder for 4 minutes"
10071,brickofett,#00C446,"Aware"
10083,dougdimmadayum,#5F9EA0,"kggBongo"
10124,ananonymoussource,#1E90FF,"only 43 seconds between Olive and Benny"
10169,anorakdt,#DFC80E,"there is almost a 2 minute difference in loads between chroma and appleman"
10220,nogamesensetv,#FF69B4,"wow"
10221,brickofett,#00C446,"KomodoHype"
10221,0dronzer,,"damn"
10224,thesadgebean,#FF0000,"good luck on the ladder league 🪜"
10225,szzliy,#FF69B4,"What's the boulder's name again?"
10226,mariofan043,#FF4500,"Nice"
10233,anorakdt,#DFC80E,"@Szzliy dwayne"
10234,dahamster1,#1E90FF,"dwayne"
10235,brickofett,#00C446,"Dwayne"
10236,firmynator,#7C13FF,"Dwayne"
10238,0dronzer,,"dwayne"
10240,revvylo,#B2D400,"chills"
10243,szzliy,#FF69B4,"Thanks"
10254,revvylo,#B2D400,"dwayne"
10273,dahamster1,#1E90FF,"@crazy_crabby_jr I'm manifesting bad boulders for life for you"
10329,the_appleman_,#9ACD32,"cringe boulder cringeee"
10342,thesadgebean,#FF0000,"Oh crap, this is the end of the run"
10353,meggitz208,#9F3877,"Hii sadgebean"
10379,brickofett,#00C446,"Clutch"
10382,0dronzer,,"scary"
10387,revvylo,#B2D400,"benny with the homemade DBS strats"
10457,nogamesensetv,#FF69B4,"dude how long has benny been playing this game"
10465,nogamesensetv,#FF69B4,"like"
10491,dahamster1,#1E90FF,"@crazy_crabby_jr my boy benjamin saberton called you a chatter"
10539,2lyte,#DAA520,"I missed hut skip last year"
10540,nogamesensetv,#FF69B4,"didnt yahootles miss it?"
10544,2lyte,#DAA520,"still won the race tho"
10558,chesswiz,#DAA520,"Goat"
10575,mariofan043,#FF4500,"Hiya ChessWiz I'm MarioFan04 from YT"
10588,chesswiz,#DAA520,"hiya Mariofan043"
10608,chesterthemouse2,#1E90FF,"hello everybody"
10612,thesadgebean,#FF0000,"sup"
10621,chesterthemouse2,#1E90FF,"the sky"
10622,nolanhead,#FF69B4,"next year we should do a ladder league with 1 rung and its a 21 way race"
10624,force28_,#1BFFFF,"yo chester"
10647,chesterthemouse2,#1E90FF,"yo force"
10671,ananonymoussource,#1E90FF,"9 second gap"
10673,mariofan043,#FF4500,"Heya ChessWiz, when are you streaming again?"
10693,anorakdt,#DFC80E,"NAILS 9 seconds"
10696,frostxbytex,#1E90FF,"9 seconds between who"
10702,ananonymoussource,#1E90FF,"Benny and Olive"
10702,brickofett,#00C446,"Benny and gamer"
10713,frostxbytex,#1E90FF,"does olive have dogwater loads?"
10722,ananonymoussource,#1E90FF,"laptop user"
10728,frostxbytex,#1E90FF,"classic"
10732,anorakdt,#DFC80E,"@AnAnonymousSource yes, but chromas are actually worse"
10734,chesswiz,#DAA520,"@Mariofan043 i don't know. Just chillin right now"
10757,mariofan043,#FF4500,"Ahh I see ChessWiz"
10788,0dronzer,,"is he gonna do the evil jumo"
10800,0dronzer,,"evil jump"
10803,force28_,#1BFFFF,"my eyes"
10813,frostxbytex,#1E90FF,"jump later"
10813,chesterthemouse2,#1E90FF,"evil jump"
10814,nolanhead,#FF69B4,"bloom user ?"
10848,javster101,#9ACD32,"gamer olive can't hit dv2 cause the bloom is in the way"
10866,thesadgebean,#FF0000,"what does dv3 stand for?"
10873,thesadgebean,#FF0000,"oh wait darth vader 3"
10878,meggitz208,#9F3877,"darth Vader 3 yeah"
10878,violaguy32,#DAA520,"@thesadgebean Darth Vader fight 3."
10885,frostxbytex,#1E90FF,"hm"
10889,brickofett,#00C446,"Hoooly"
10893,frostxbytex,#1E90FF,"@ananonymoussource"
10897,0dronzer,,"digital video 3"
10899,nogamesensetv,#FF69B4,"Cinema"
10901,dahamster1,#1E90FF,"still an appleman believer"
10909,kwazrr_,#FF4500,"this is a crazy race to start LL"
10913,eruonen,#0000FF,"sheeeeet this is close"
10920,eruonen,#0000FF,"absolute cinema"
10921,ananonymoussource,#1E90FF,"I wouldn't be surprised if Benny whipped it out"
10930,nogamesensetv,#FF69B4,"@AnAnonymousSource ?"
10935,brickofett,#00C446,"Olive"
10935,firmynator,#7C13FF,"ayo"
10937,biksel,#00ADCC,"Olive is 14 ahead"
10940,force28_,#1BFFFF,"@AnAnonymousSource yo what"
10941,frostxbytex,#1E90FF,"oh"
10941,ananonymoussource,#1E90FF,"Olive leads by 14"
10948,szzliy,#FF69B4,"bruh"
10955,charzight,#00D8FF,"OLIVE MY GOAT"
10959,meggitz208,#9F3877,"im sobbing"
10962,frostxbytex,#1E90FF,"this is epic"
10964,brickofett,#00C446,"This is crazy"
10965,nogamesensetv,#FF69B4,"crazy resilience"
10966,chesterthemouse2,#1E90FF,"olive goat"
10967,frostxbytex,#1E90FF,"I can’t wait to get ads"
10973,thesadgebean,#FF0000,"you really cannot predict this stuff, damn"
10975,force28_,#1BFFFF,"@crazy_crabby_jr crying rn"
10978,kwazrr_,#FF4500,"I never doubted but its not over"
10989,yahootles,#DAA520,"holy moly"
10997,dahamster1,#1E90FF,"@crazy_crabby_jr you cant predict for crap"
11006,coolestto,#B56BFF,"@Force28_ oddbal9OhNo crabby rn"
11011,anorakdt,#DFC80E,"i want benny to win for my prediction but i want olive to win for the plot"
11011,mariofan043,#FF4500,"This is gonna be close"
11013,0dronzer,,"booba feet"
11018,derfbergur,#BE00CB,"@crazy_crabby_jr you been real quiet since benny fell behind"
11037,frostxbytex,#1E90FF,"idc who wins because they are losing to yahootles next round"
11044,kwazrr_,#FF4500,"any zacdive?"
11046,thesadgebean,#FF0000,"i just hope all the runners have fun :)"
11049,yahootles,#DAA520,"@FrostxBytex my man"
11064,frostxbytex,#1E90FF,"I don’t think this works"
11072,szzliy,#FF69B4,"It's so over"
11092,nogamesensetv,#FF69B4,"olive did have that meltdown on box clip"
11094,javster101,#9ACD32,"we've reached the benny mirage"
11098,nogamesensetv,#FF69B4,"zacDive? that worked"
11099,force28_,#1BFFFF,"HOLY"
11100,meggitz208,#9F3877,"OLIVIEE"
11101,frostxbytex,#1E90FF,"LMAOOO"
11101,anorakdt,#DFC80E,"PARADE"
11104,thesadgebean,#FF0000,"waow"
11106,0dronzer,,"holy shit"
11107,firmynator,#7C13FF,"CINEMA"
11107,meggitz208,#9F3877,"BRO"
11109,chesterthemouse2,#1E90FF,"yooooo insane"
11112,kwazrr_,#FF4500,"HOLY"
11123,chesterthemouse2,#1E90FF,"lets see this gtf trust"
11124,meggitz208,#9F3877,"three civilians is crazy"
11134,meggitz208,#9F3877,"olive out of his mind"
11139,eruonen,#0000FF,"Never, never, never give up"
11140,anorakdt,#DFC80E,"lap 2 backwards is the new meta"
11143,jake105411,#008000,"!bracket"
11143,nightbot,#7C7CE1,"View the bracket here: https://docs.google.com/spreadsheets/d/1aw1PAYWkjjj5oZSwaHdP-MnY0472wjWqDpyinL9v4r0"
11162,biksel,#00ADCC,"😭"
11163,nolanhead,#FF69B4,"kiss Pog"
11163,anorakdt,#DFC80E,"CINEMA"
11164,meggitz208,#9F3877,"swag"
11165,nolanhead,#FF69B4,"based"
11166,frostxbytex,#1E90FF,"lfrost classic"
11166,0dronzer,,"BRO"
11168,revvylo,#B2D400,"ICANT"
11177,kwazrr_,#FF4500,"ts too close"
11185,nogamesensetv,#FF69B4,"Dude"
11187,frostxbytex,#1E90FF,"no one talking about chroma on dv3 for like 3 minutes"
11194,anorakdt,#DFC80E,"@FrostxBytex shhhhh"
11200,javster101,#9ACD32,"AD NOOOO"
11203,chroma_q,#FF0000,"shhhhhhhh"
11203,frostxbytex,#1E90FF,"can someone gift me"
11204,0dronzer,,"chroma got the evil jump"
11205,kwazrr_,#FF4500,"Adge lmao"
11207,chesterthemouse2,#1E90FF,"thanks ads"
11207,thesadgebean,#FF0000,"same"
11207,firmynator,#7C13FF,"ADGE"
11208,coolestto,#B56BFF,"the timing"
11210,meggitz208,#9F3877,"ad griefing"
11212,nogamesensetv,#FF69B4,"omg lets go"
11213,force28_,#1BFFFF,"CINEMA"
11215,meggitz208,#9F3877,"someone tell me"
11218,nogamesensetv,#FF69B4,"its actually cinema"
11218,quack2back,#FF69B4,"Quack2Back gifted a Tier 1 sub to FrostxBytex! They have given 2 Gift Subs in the channel! "
11219,meggitz208,#9F3877,"DID HE DO IT"
11224,frostxbytex,#1E90FF,"thanks man"
11228,biksel,#00ADCC,"@meggitz208 got box clip 1st try"
11232,force28_,#1BFFFF,"@meggitz208 first try box clip for olive"
11236,meggitz208,#9F3877,"GOAT"
11241,quack2back,#FF69B4,"eroadhT eroadhT"
11258,chesterthemouse2,#1E90FF,"olives comeback arc has been insane"
11258,charzight,#00D8FF,"Olive with the 6-1 barca v psg comeback"
11258,0dronzer,,"omg"
11270,chesswiz,#DAA520,"gg"
11272,saber1658,#DAA520,"gg"
11272,biksel,#00ADCC,"gg"
11273,thesadgebean,#FF0000,"gg"
11274,force28_,#1BFFFF,"gg"
11274,meggitz208,#9F3877,"gg"
11274,chesterthemouse2,#1E90FF,"gg"
11274,0dronzer,,"gg"
11275,yahootles,#DAA520,"gg"
11276,nogamesensetv,#FF69B4,"gg"
11276,7_isanumber,#FF69B4,"gg"
11277,eruonen,#0000FF,"gg"
11277,frostxbytex,#1E90FF,"gg"
11277,firmynator,#7C13FF,"gg benny"
11279,nolanhead,#FF69B4,"gg"
11279,szzliy,#FF69B4,"gg"
11280,flaming_lazer,#8A2BE2,"gg"
11281,ananonymoussource,#1E90FF,"gg benjamin moon"
11281,kwazrr_,#FF4500,"gg"
11284,coolestto,#B56BFF,"gg"
11288,biksel,#00ADCC,"NAILS"
11296,mariofan043,#FF4500,"Gg to Benny"
11301,ripplinger_1124,,"gg"
11303,revvylo,#B2D400,"ggs"
11305,saber1658,#DAA520,"gg"
11307,frostxbytex,#1E90FF,"idk"
11311,ethanmagicbrown,#D0A80B,"how in the world is gamer olive still in this after that pod"
11311,anorakdt,#DFC80E,"gg"
11312,flaming_lazer,#8A2BE2,"gg"
11318,kwazrr_,#FF4500,"gg"
11318,nolanhead,#FF69B4,"gg"
11318,force28_,#1BFFFF,"gg"
11319,7_isanumber,#FF69B4,"gg"
11320,meggitz208,#9F3877,"gg"
11321,nogamesensetv,#FF69B4,"GG"
11321,chesswiz,#DAA520,"gg 󠀀"
11321,biksel,#00ADCC,"gg"
11321,thesadgebean,#FF0000,"gg"
11321,yahootles,#DAA520,"gg"
11321,staunch82,#DAA520,"gg"
11323,nogamesensetv,#FF69B4,"WOW"
11323,javster101,#9ACD32,"gg"
11324,frostxbytex,#1E90FF,"gg"
11324,force28_,#1BFFFF,"HOLY"
11326,dougdimmadayum,#5F9EA0,"gg"
11326,frostxbytex,#1E90FF,"insane"
11326,ananonymoussource,#1E90FF,"gg"
11326,brickofett,#00C446,"gg"
11326,0dronzer,,"GG"
11327,szzliy,#FF69B4,"GG"
11327,notdavirm,#00FF7F,"gg"
11327,chesterthemouse2,#1E90FF,"nfw yoooo"
11328,firmynator,#7C13FF,"lfgggg"
11328,coolestto,#B56BFF,"GG"
11329,thesadgebean,#FF0000,"holy shit dude"
11329,bennymoon129,,"ggs"
11330,cragon76,,"yesssssss"
11331,charzight,#00D8FF,"gg"
11332,kwazrr_,#FF4500,"wtf"
11333,cragon76,,"holy shitt"
11333,nogamesensetv,#FF69B4,"WOWOWOWOW"
11333,meggitz208,#9F3877,"MY GOAT"
11334,chesterthemouse2,#1E90FF,"huge gggs olive"
11334,eruonen,#0000FF,"oooooooooooooooooo"
11335,cragon76,,"wtffff"
11336,szzliy,#FF69B4,"Insane"
11337,0dronzer,,"lets gooooooooooo"
11338,mariofan043,#FF4500,"WOW, GGS OLIVE"
11338,meggitz208,#9F3877,"WHAT A RUN"
11339,zombiekill212,,"wowww"
11339,yahootles,#DAA520,"god damn"
11340,violaguy32,#DAA520,"gg"
11341,firmynator,#7C13FF,"let’s gooooo olive"
11343,cragon76,,"there’s no wayy"
11346,frostxbytex,#1E90FF,"that’s nutty man"
11348,anorakdt,#DFC80E,"wrap up the tourney, best race has been done already"
11354,nogamesensetv,#FF69B4,"im so sad benny is out"
11355,javster101,#9ACD32,"olive deserves it good lord"
11357,meggitz208,#9F3877,"that’s amazing"
11367,eruonen,#0000FF,"Did they both PB?"
11375,nogamesensetv,#FF69B4,"dont think thats a pb for olive"
11376,biksel,#00ADCC,"✋😐✋ great writing"
11381,thesadgebean,#FF0000,"I believe olive got a new pb recently"
11388,firmynator,#7C13FF,"CINEMA"
11389,kwazrr_,#FF4500,"like I said it aint over till its over"
11391,meggitz208,#9F3877,"olives been grinding for sure"
11393,dougdimmadayum,#5F9EA0,"legends"
11403,kwazrr_,#FF4500,"gg"
11405,force28_,#1BFFFF,"GG"
11406,biksel,#00ADCC,"gg"
11408,0dronzer,,"gg"
11408,szzliy,#FF69B4,"gg"
11409,cragon76,,"gg"
11409,mariofan043,#FF4500,"Ggs"
11409,nogamesensetv,#FF69B4,"wait hes actually playing it up for the camera"
11413,saber1658,#DAA520,"gg"
11413,firmynator,#7C13FF,"gg"
11414,7_isanumber,#FF69B4,"gg"
11417,eruonen,#0000FF,"gg"
11419,chesswiz,#DAA520,"gg"
11419,thesadgebean,#FF0000,"gg appleman"
11422,violaguy32,#DAA520,"gg"
11425,quack2back,#FF69B4,"ggs"
11433,yungchike,,"free chromaq. hes the peoples champ"
11436,gamer_olive,#008000,"HELLLOO????????????"
11441,force28_,#1BFFFF,"GOAT"
11441,nogamesensetv,#FF69B4,"LETS GO OLIVE"
11442,gamer_olive,#008000,"13 SECONDS????????"
11449,chesterthemouse2,#1E90FF,"ggs olive that was crazy"
11455,anorakdt,#DFC80E,"@Gamer_Olive LFG gg"
11458,meggitz208,#9F3877,"“unscripted”"
11460,frostxbytex,#1E90FF,"unscripted my ass"
11463,derfbergur,#BE00CB,"@crazy_crabby_jr NOT TALKING SO BIG ANYMORE HUH"
11465,kwazrr_,#FF4500,"olive you legend"
11467,gamer_olive,#008000,"JUST SO YOU KNOW I DID NOT LOOK AT THE RACE AT ALLL"
11469,gamer_olive,#008000,"FHADKJAFHLKAJFKLA"
11476,meggitz208,#9F3877,"GOOD FOR YOU"
11480,frostxbytex,#1E90FF,"I love kissing leia"
11480,thdarkn3ss,,"GGs"
11483,charzight,#00D8FF,"MUNFUCKING GOAT"
11484,gamer_olive,#008000,"GG BENNYMOON YOURE ACTUALLY INSANE"
11485,firmynator,#7C13FF,"crabby jr been real quiet"
11486,kwazrr_,#FF4500,"def rewatch the vod olive"
11488,frostxbytex,#1E90FF,"shoutout to 2:23:03"
11489,violaguy32,#DAA520,"💋"
11491,nogamesensetv,#FF69B4,"bennymoon was different"
11493,mariofan043,#FF4500,"Good Job Olive I'm proud of you :)"
11499,coolestto,#B56BFF,"@firmynator in shambles"
11506,gamer_olive,#008000,"I HAVE NO IDEA HOW THE OTHER RUNNERS WENT"
11508,ethanmagicbrown,#D0A80B,"imagine if you reset in god fraud"
11508,kwazrr_,#FF4500,"benny swag master"
11513,thesadgebean,#FF0000,"congrats olive"
11517,gamer_olive,#008000,"13 FUCKING SECONDS IM GONNA LOSE IT"
11521,javster101,#9ACD32,"huge win olive"
11526,ethanmagicbrown,#D0A80B,"huge congrats olive i had you written off ep 1"
11535,ethanmagicbrown,#D0A80B,"and you win the whole thing"
11535,0dronzer,,"watch as chroma gets 2:30:15"
11540,chesterthemouse2,#1E90FF,"ggs olive that comeback arc went tough"
11546,gamer_olive,#008000,"I COULD HAVE JUST HAD A WORSE DV3"
11558,anorakdt,#DFC80E,"yeah its not over, chroma might have 10 minutes of loads"
11567,cragon76,,"real"
11569,ananonymoussource,#1E90FF,"he pretty much does"
11571,javster101,#9ACD32,"yeah chroma on track for a 2:30"
11577,nogamesensetv,#FF69B4,"lol"
11579,chesterthemouse2,#1E90FF,"chroma with the 2:17 out of nowhere"
11585,eruonen,#0000FF,"Never give up"
11585,colten8_,,"holy shit what a race"
11587,cragon76,,"i was almost falling asleep but can’t with this"
11589,virtualflup,#8A2BE2,"lmao"
11600,gamer_olive,#008000,"I NEED TO WATCH THIS BACK I HAVE NO CONTEXT ON WHAT THE OTHER RUNNERS DID"
11609,gamer_olive,#008000,"YES I WOULD LOVE AN INTERVIEW"
11616,the_pearman_,,"2pm"
11617,gamer_olive,#008000,"it is 1:30pm its so fine"
11618,the_pearman_,,"chillin"
11623,0dronzer,,"i need to see the vod later i feel like i missed a lot"
11628,anorakdt,#DFC80E,"@Gamer_Olive they all hit god fraud, you made up that timeloss very well"
11629,kwazrr_,#FF4500,"olive you were behind until dagobuh, clutch"
11631,the_pearman_,,"holy the south aus time zone in the wild"
11634,frostxbytex,#1E90FF,"kallyGreen olive believers"
11634,anorakdt,#DFC80E,"NOT GOD FRAUD WAIT"
11641,anorakdt,#DFC80E,"pod fraud"
11643,biksel,#00ADCC,"@AnorakDT WHAT"
11649,anorakdt,#DFC80E,"WHAT"
11651,dahamster1,#1E90FF,"jared levels"
11652,flaming_lazer,#8A2BE2,"WHAT"
11656,the_pearman_,,"WHAT"
11658,dahamster1,#1E90FF,"WHAT"
11659,cragon76,,"they all actually got sub 3 podrace"
11668,kwazrr_,#FF4500,"gg"
11669,nogamesensetv,#FF69B4,"GG"
11669,0dronzer,,"i know what pod fraud is, what is god fraud"
11672,frostxbytex,#1E90FF,"gg"
11672,yahootles,#DAA520,"gg"
11673,cragon76,,"gg"
11674,0dronzer,,"gg"
11674,7_isanumber,#FF69B4,"gg"
11676,szzliy,#FF69B4,"gg"
11678,brickofett,#00C446,"gg"
11679,eruonen,#0000FF,"gg"
11680,chesswiz,#DAA520,"gg 󠀀"
11681,mariofan043,#FF4500,"Gg Chroma"
11681,notdavirm,#00FF7F,"gg"
11681,firmynator,#7C13FF,"gg"
11682,thdarkn3ss,,"gg"
11683,chesterthemouse2,#1E90FF,"gg"
11684,bennymoon129,,"I’m kinda glad I didn’t move on cause I dont think my heart to take anything closer than that"
11692,frostxbytex,#1E90FF,"great first race"
11693,nogamesensetv,#FF69B4,"you were insane benny"
11694,derfbergur,#BE00CB,"gg"
11697,nogamesensetv,#FF69B4,"i loved watching you"
11701,anorakdt,#DFC80E,"@0DRONZER new podrace strat that saves like 55 seconds, one of the hardest tricks that people go for"
11704,eruonen,#0000FF,"What a match"
11708,luckessb,#1E90FF,"my goat🐐"
11713,biksel,#00ADCC,"gg"
11714,0dronzer,,"55 SECONDS WOAH"
11714,cragon76,,"@0dronzer pod fraud is lap 2 skip but there’s also lap 1 and lap 3 skip and they are a million times harder"
11715,zombiekill212,,"GGs"
11737,wiisuper,#1E90FF,"saturday ope"
11767,violaguy32,#DAA520,"ggs"
11832,charliegldmn,#DC4C0E,"GGs fellas"
11842,nogamesensetv,#FF69B4,"that was a banger"
11847,bennymoon129,,"olive has big plot armor"
11926,dougdimmadayum,#5F9EA0,"gg gamers thanks for playing"
11961,mariofan043,#FF4500,"Yeah Olive had plot armor"
11995,frostxbytex,#1E90FF,"Benny pbd too right"
12002,anorakdt,#DFC80E,"@FrostxBytex yep"
12006,frostxbytex,#1E90FF,"fire"
12023,nogamesensetv,#FF69B4,"!bracket"
12023,nightbot,#7C7CE1,"View the bracket here: https://docs.google.com/spreadsheets/d/1aw1PAYWkjjj5oZSwaHdP-MnY0472wjWqDpyinL9v4r0"